
#E-R모델사용
#member값이 바로 들어가지 않는데 참조값인 dep가 있어야 하기 때문
INSERT INTO `member`VALUES('a101','박혁거세','010-1234-1001','부장','101','2020-11-19 11:39:48');
INSERT INTO `Member`VALUES('a102','김유신','010-1234-1002','차장','101','2020-11-19 11:39:48');
INSERT INTO `Member`VALUES('a103','김춘추','010-1234-1003','사원','101','2020-11-19 11:39:48');
INSERT INTO `Member`VALUES('a104','장보고','010-1234-1004','대리','102','2020-11-19 11:39:48');
INSERT INTO `Member`VALUES('a105','강감찬','010-1234-1005','과장','102','2020-11-19 11:39:48');
INSERT INTO `Member`VALUES('a106','이성계','010-1234-1006','차장','103','2020-11-19 11:39:48');
INSERT INTO `Member`VALUES('a107','정철','010-1234-1007','차장','103','2020-11-19 11:39:48');
INSERT INTO `Member`VALUES('a108','이순신','010-1234-1008','부장','104','2020-11-19 11:39:48');
INSERT INTO `Member`VALUES('a109','허균','010-1234-1009','부장','104','2020-11-19 11:39:48');
INSERT INTO `Member`VALUES('a110','정약용','010-1234-1010','사원','105','2020-11-19 11:39:48');
INSERT INTO `Member`VALUES('a111','박지원','010-1234-1011','사원','105','2020-11-19 11:39:48');

#department
INSERT INTO `department`VALUES('101','영업1부','051-512-1001');
INSERT INTO `department`VALUES('102','영업2부','051-512-1002');
INSERT INTO `department`VALUES('103','영업3부','051-512-1003');
INSERT INTO `department`VALUES('104','영업4부','051-512-1004');
INSERT INTO `department`VALUES('105','영업5부','051-512-1005');
INSERT INTO `department`VALUES('106','영업지원부','051-512-1006');
INSERT INTO `department`VALUES('107','인사부','051-512-1007');

#ctrl+f로 일괄변경할 수 있음
#sale
INSERT INTO `sale`(`uid`,`year`,`month`,`price`)VALUES('a101','2018','1',98100);
INSERT INTO `sale`(`uid`,`year`,`month`,`price`)VALUES('a102','2018','1',136000);
INSERT INTO `sale`(`uid`,`year`,`month`,`price`)VALUES('a103','2018','1',80100);
INSERT INTO `sale`(`uid`,`year`,`month`,`price`)VALUES('a104','2018','1',78000);
INSERT INTO `sale`(`uid`,`year`,`month`,`price`)VALUES('a105','2018','1',93000);

INSERT INTO `sale`(`uid`,`year`,`month`,`price`)VALUES('a101','2018','2',23500);
INSERT INTO `sale`(`uid`,`year`,`month`,`price`)VALUES('a102','2018','2',126000);
INSERT INTO `sale`(`uid`,`year`,`month`,`price`)VALUES('a103','2018','2',18500);
INSERT INTO `sale`(`uid`,`year`,`month`,`price`)VALUES('a105','2018','2',19000);
INSERT INTO `sale`(`uid`,`year`,`month`,`price`)VALUES('a106','2018','2',53000);

INSERT INTO `sale`(`uid`,`year`,`month`,`price`)VALUES('a101','2019','1',24000);
INSERT INTO `sale`(`uid`,`year`,`month`,`price`)VALUES('a102','2019','1',109000);
INSERT INTO `sale`(`uid`,`year`,`month`,`price`)VALUES('a103','2019','1',101000);
INSERT INTO `sale`(`uid`,`year`,`month`,`price`)VALUES('a104','2019','1',53500);
INSERT INTO `sale`(`uid`,`year`,`month`,`price`)VALUES('a107','2019','1',24000);

INSERT INTO `sale`(`uid`,`year`,`month`,`price`)VALUES('a102','2019','2',160000);
INSERT INTO `sale`(`uid`,`year`,`month`,`price`)VALUES('a103','2019','2',101000);
INSERT INTO `sale`(`uid`,`year`,`month`,`price`)VALUES('a104','2019','2',43000);
INSERT INTO `sale`(`uid`,`year`,`month`,`price`)VALUES('a105','2019','2',24000);
INSERT INTO `sale`(`uid`,`year`,`month`,`price`)VALUES('a106','2019','2',109000);

INSERT INTO `sale`(`uid`,`year`,`month`,`price`)VALUES('a102','2020','1',201000);
INSERT INTO `sale`(`uid`,`year`,`month`,`price`)VALUES('a104','2020','1',63000);
INSERT INTO `sale`(`uid`,`year`,`month`,`price`)VALUES('a105','2020','1',74000);
INSERT INTO `sale`(`uid`,`year`,`month`,`price`)VALUES('a106','2020','1',122000);
INSERT INTO `sale`(`uid`,`year`,`month`,`price`)VALUES('a107','2020','1',111000);

INSERT INTO `sale`(`uid`,`year`,`month`,`price`)VALUES('a102','2020','2',120000);
INSERT INTO `sale`(`uid`,`year`,`month`,`price`)VALUES('a103','2020','2',93000);
INSERT INTO `sale`(`uid`,`year`,`month`,`price`)VALUES('a104','2020','2',84000);
INSERT INTO `sale`(`uid`,`year`,`month`,`price`)VALUES('a105','2020','2',180000);
INSERT INTO `sale`(`uid`,`year`,`month`,`price`)VALUES('a108','2020','2',76000);


#ERD2데이터 넣기

INSERT INTO `Customer` (`name`,`address`,`phone`) VALUES ('박지성','영국 멘체스터','010-5000-0001');
INSERT INTO `Customer` (`name`,`address`,`phone`) VALUES ('김연아','대한민국 서울','010-6000-0001');
INSERT INTO `Customer` (`name`,`address`,`phone`) VALUES ('장미란','대한민국 강원도','010-7000-0001');
INSERT INTO `Customer` (`name`,`address`,`phone`) VALUES ('추신수','미국 클리블랜드','010-8000-0001');
INSERT INTO `Customer` (`name`,`address`) VALUES ('박세리','대한민국 대전');


INSERT INTO `publisher` VALUES('굿스포츠','051-153-1234');
INSERT INTO `publisher` VALUES('나무수','051-153-1235');
INSERT INTO `publisher` VALUES('대한미디어','051-153-1236');
INSERT INTO `publisher` VALUES('이상미디어','051-153-1237');
INSERT INTO `publisher` VALUES('삼성당','051-153-1238');
INSERT INTO `publisher` VALUES('Pearson','051-153-1239');


INSERT INTO `book`(`bookId`,`bookname`,`publisher`,`price`) VALUES ('1','축구의 역사','굿스포츠','7000');
INSERT INTO `book`(`bookId`,`bookname`,`publisher`,`price`) VALUES ('2','축구아는 여자','나무수','13000');
INSERT INTO `book`(`bookId`,`bookname`,`publisher`,`price`) VALUES ('3','축구의 이해','대한미디어','22000');
INSERT INTO `book`(`bookId`,`bookname`,`publisher`,`price`) VALUES ('4','골프 바이블','대한미디어','35000');
INSERT INTO `book`(`bookId`,`bookname`,`publisher`,`price`) VALUES ('5','피겨 교본','굿스포츠','8000');

INSERT INTO `book`(`bookId`,`bookname`,`publisher`,`price`) VALUES ('6','역도 단계별기술','굿스포츠','6000');
INSERT INTO `book`(`bookId`,`bookname`,`publisher`,`price`) VALUES ('7','야구의 추억','이상미디어','20000');
INSERT INTO `book`(`bookId`,`bookname`,`publisher`,`price`) VALUES ('8','야구를 부탁해','이상미디어','13000');
INSERT INTO `book`(`bookId`,`bookname`,`publisher`,`price`) VALUES ('9','올림픽 이야기','삼성당','7500');
INSERT INTO `book`(`bookId`,`bookname`,`publisher`,`price`) VALUES ('10','Olympic Champions','Pearson','13000');


INSERT INTO `Order` (`orderId`,`custId`,`bookId`,`saleprice`,`orderdate`) VALUES ('1','1','1','6000','2014-07-01');
INSERT INTO `Order` (`orderId`,`custId`,`bookId`,`saleprice`,`orderdate`) VALUES ('2','1','3','21000','2014-07-03');
INSERT INTO `Order` (`orderId`,`custId`,`bookId`,`saleprice`,`orderdate`) VALUES ('3','2','4','8000','2014-07-03');
INSERT INTO `Order` (`orderId`,`custId`,`bookId`,`saleprice`,`orderdate`) VALUES ('4','3','6','6000','2014-07-04');
INSERT INTO `Order` (`orderId`,`custId`,`bookId`,`saleprice`,`orderdate`) VALUES ('5','4','7','20000','2014-07-5');

INSERT INTO `Order` (`orderId`,`custId`,`bookId`,`saleprice`,`orderdate`) VALUES ('6','1','2','12000','2014-07-07');
INSERT INTO `Order` (`orderId`,`custId`,`bookId`,`saleprice`,`orderdate`) VALUES ('7','4','8','13000','2014-07-07');
INSERT INTO `Order` (`orderId`,`custId`,`bookId`,`saleprice`,`orderdate`) VALUES ('8','3','10','12000','2014-07-08');
INSERT INTO `Order` (`orderId`,`custId`,`bookId`,`saleprice`,`orderdate`) VALUES ('9','2','10','7000','2014-07-09');
INSERT INTO `Order` (`orderId`,`custId`,`bookId`,`saleprice`,`orderdate`) VALUES ('10','3','8','13000','2014-07-10');
